"id","any","ordre","tipusDesplacament","horaIn","minutIn","duradaMinuts","distancia","comarcaIn","comarcaFi","internMunicipi","mitja1","mitja2","mitja3","mitjaPrincipal","antiguitatCotxeMoto","antiguitatFurgoCamio","combustible","numPersonesVehicle","sexe","edat","comarca","estudis"
"2022000001","2022","1","Oci, diversió, espectacles, cinemes, restaurants, esports","9","0","15","2","Barcelonès","Barcelonès","1","Caminant",NULL,NULL,"Peu >5 minuts"," "," ",NULL," ","Home","16-29","Barcelonès","Primaris"
"2022000001","2022","2","Domicili","11","0","15","2","Barcelonès","Barcelonès","1","Caminant",NULL,NULL,"Peu >5 minuts"," "," ",NULL," ","Home","16-29","Barcelonès","Primaris"
"2022000001","2022","3","Recollir paquests de comerç-e","13","0","60","4","Barcelonès","Barcelonès","0","Altres autobús (urbà no TMB i/o interurbà)","Caminant",NULL,"Altres autobús"," "," ",NULL," ","Home","16-29","Barcelonès","Primaris"
"2022000001","2022","4","Domicili","14","15","60","4","Barcelonès","Barcelonès","0","Caminant","Altres autobús (urbà no TMB i/o interurbà)",NULL,"Altres autobús"," "," ",NULL," ","Home","16-29","Barcelonès","Primaris"
"2022000001","2022","5","Anar a treballar","16","30","15","2","Barcelonès","Barcelonès","1","Caminant",NULL,NULL,"Peu >5 minuts"," "," ",NULL," ","Home","16-29","Barcelonès","Primaris"
"2022000001","2022","6","Domicili","23","0","15","2","Barcelonès","Barcelonès","1","Caminant",NULL,NULL,"Peu >5 minuts"," "," ",NULL," ","Home","16-29","Barcelonès","Primaris"
"2022000002","2022","1","Oci, diversió, espectacles, cinemes, restaurants, esports","19","30","6","3","Barcelonès","Barcelonès","1","Patinet, segway o altres ginys",NULL,NULL,"Altres no motoritzats"," "," ",NULL," ","Home","16-29","Barcelonès","Primaris"
"2022000002","2022","2","Domicili","21","30","7","3","Barcelonès","Barcelonès","1","Patinet, segway o altres ginys",NULL,NULL,"Altres no motoritzats"," "," ",NULL," ","Home","16-29","Barcelonès","Primaris"
"2022000003","2022","1","Anar a treballar","12","0","10","2","Barcelonès","Barcelonès","1","Caminant","Autobús TMB",NULL,"Autobús TMB"," "," ",NULL," ","Home","16-29","Barcelonès","Secundaris"
"2022000003","2022","2","Domicili","16","0","30","2","Barcelonès","Barcelonès","1","Caminant",NULL,NULL,"Peu >5 minuts"," "," ",NULL," ","Home","16-29","Barcelonès","Secundaris"
"2022000003","2022","3","Anar a treballar","18","15","23","2","Barcelonès","Barcelonès","1","Caminant",NULL,NULL,"Peu >5 minuts"," "," ",NULL," ","Home","16-29","Barcelonès","Secundaris"
"2022000003","2022","4","Domicili","23","30","20","2","Barcelonès","Barcelonès","1","Caminant",NULL,NULL,"Peu >5 minuts"," "," ",NULL," ","Home","16-29","Barcelonès","Secundaris"
"2022000005","2022","1","Anar a treballar","8","0","25","2","Barcelonès","Barcelonès","1","Caminant",NULL,NULL,"Peu >5 minuts"," "," ",NULL," ","Home","16-29","Barcelonès","Secundaris"
"2022000005","2022","2","Domicili","17","0","25","2","Barcelonès","Barcelonès","1","Caminant",NULL,NULL,"Peu >5 minuts"," "," ",NULL," ","Home","16-29","Barcelonès","Secundaris"
"2022000005","2022","3","Oci, diversió, espectacles, cinemes, restaurants, esports","18","0","3","1","Barcelonès","Barcelonès","1","Caminant",NULL,NULL,"Peu <= 5 minuts"," "," ",NULL," ","Home","16-29","Barcelonès","Secundaris"
"2022000005","2022","4","Domicili","19","0","3","1","Barcelonès","Barcelonès","1","Caminant",NULL,NULL,"Peu <= 5 minuts"," "," ",NULL," ","Home","16-29","Barcelonès","Secundaris"
"2022000006","2022","1","Metge, CAP, proves diagnòstiques, recuperacions, hospital (visita pròpia)","17","0","15","2","Barcelonès","Barcelonès","1","Metro",NULL,NULL,"Metro"," "," ",NULL," ","Home","16-29","Barcelonès","Secundaris"
"2022000006","2022","2","Domicili","18","0","15","2","Barcelonès","Barcelonès","1","Metro",NULL,NULL,"Metro"," "," ",NULL," ","Home","16-29","Barcelonès","Secundaris"
"2022000006","2022","3","Oci, diversió, espectacles, cinemes, restaurants, esports","21","0","20","3","Barcelonès","Barcelonès","1","Ferrocarrils Generalitat (FGC)",NULL,NULL,"FGC"," "," ",NULL," ","Home","16-29","Barcelonès","Secundaris"
"2022000006","2022","4","Domicili","23","0","20","3","Barcelonès","Barcelonès","1","Ferrocarrils Generalitat (FGC)",NULL,NULL,"FGC"," "," ",NULL," ","Home","16-29","Barcelonès","Secundaris"
"2022000007","2022","1","Estudis","8","30","15","2","Barcelonès","Barcelonès","1","Caminant",NULL,NULL,"Peu >5 minuts"," "," ",NULL," ","Home","16-29","Barcelonès","Primaris"
"2022000007","2022","2","Domicili","10","0","15","2","Barcelonès","Barcelonès","1","Caminant",NULL,NULL,"Peu >5 minuts"," "," ",NULL," ","Home","16-29","Barcelonès","Primaris"
"2022000007","2022","3","Oci, diversió, espectacles, cinemes, restaurants, esports","18","0","20","2","Barcelonès","Barcelonès","1","Caminant",NULL,NULL,"Peu >5 minuts"," "," ",NULL," ","Home","16-29","Barcelonès","Primaris"
"2022000007","2022","4","Domicili","22","0","30","2","Barcelonès","Barcelonès","1","Caminant",NULL,NULL,"Peu >5 minuts"," "," ",NULL," ","Home","16-29","Barcelonès","Primaris"
"2022000008","2022","1","Estudis","14","45","15","2","Barcelonès","Barcelonès","1","Caminant",NULL,NULL,"Peu >5 minuts"," "," ",NULL," ","Home","16-29","Barcelonès","Secundaris"
"2022000008","2022","2","Compres quotidianes","18","0","3","1","Barcelonès","Barcelonès","1","Caminant",NULL,NULL,"Peu <= 5 minuts"," "," ",NULL," ","Home","16-29","Barcelonès","Secundaris"
"2022000008","2022","3","Estudis","18","10","3","1","Barcelonès","Barcelonès","1","Caminant",NULL,NULL,"Peu <= 5 minuts"," "," ",NULL," ","Home","16-29","Barcelonès","Secundaris"
"2022000008","2022","4","Oci, diversió, espectacles, cinemes, restaurants, esports","21","0","5","1","Barcelonès","Barcelonès","1","Caminant",NULL,NULL,"Peu <= 5 minuts"," "," ",NULL," ","Home","16-29","Barcelonès","Secundaris"
"2022000008","2022","5","Domicili","21","10","15","2","Barcelonès","Barcelonès","1","Caminant","Metro",NULL,"Metro"," "," ",NULL," ","Home","16-29","Barcelonès","Secundaris"
"2022000009","2022","1","Anar a treballar","5","40","10","4","Barcelonès","Barcelonès","1","Cotxe com a conductora",NULL,NULL,"Cotxe com a conductora","3"," ","Gasòil/dièsel","1","Home","16-29","Barcelonès","Secundaris"
"2022000009","2022","2","Metge, CAP, proves diagnòstiques, recuperacions, hospital (visita pròpia)","14","30","15","4","Barcelonès","Barcelonès","1","Cotxe com a conductora",NULL,NULL,"Cotxe com a conductora","3"," ","Gasòil/dièsel","1","Home","16-29","Barcelonès","Secundaris"
"2022000009","2022","3","Acompanyar o recollir persones majors d'edat","19","0","5","2","Barcelonès","Barcelonès","1","Cotxe com a conductora",NULL,NULL,"Cotxe com a conductora","3"," ","Gasòil/dièsel","5","Home","16-29","Barcelonès","Secundaris"
"2022000009","2022","4","Domicili","19","5","10","1","Barcelonès","Barcelonès","1","Caminant",NULL,NULL,"Peu >5 minuts"," "," ",NULL," ","Home","16-29","Barcelonès","Secundaris"
"2022000010","2022","1","Estudis","7","45","15","2","Barcelonès","Barcelonès","1","Caminant",NULL,NULL,"Peu >5 minuts"," "," ",NULL," ","Home","16-29","Barcelonès","Secundaris"
"2022000010","2022","2","Domicili","14","15","15","2","Barcelonès","Barcelonès","1","Caminant",NULL,NULL,"Peu >5 minuts"," "," ",NULL," ","Home","16-29","Barcelonès","Secundaris"
"2022000011","2022","1","Oci, diversió, espectacles, cinemes, restaurants, esports","11","30","3","1","Barcelonès","Barcelonès","1","Caminant",NULL,NULL,"Peu <= 5 minuts"," "," ",NULL," ","Home","30-44","Barcelonès","Estudis superiors"
"2022000011","2022","2","Domicili","12","30","3","1","Barcelonès","Barcelonès","1","Caminant",NULL,NULL,"Peu <= 5 minuts"," "," ",NULL," ","Home","30-44","Barcelonès","Estudis superiors"
"2022000011","2022","3","Oci, diversió, espectacles, cinemes, restaurants, esports","12","45","30","3","Barcelonès","Barcelonès","1","Caminant","Metro",NULL,"Metro"," "," ",NULL," ","Home","30-44","Barcelonès","Estudis superiors"
"2022000011","2022","4","Acompanyar o recollir persones majors d'edat","13","50","10","1","Barcelonès","Barcelonès","1","Caminant",NULL,NULL,"Peu >5 minuts"," "," ",NULL," ","Home","30-44","Barcelonès","Estudis superiors"
"2022000011","2022","5","Acompanyar o recollir persones majors d'edat","14","0","50","5","Barcelonès","Vallès Occidental","0","Caminant","Cotxe com a acompanyant",NULL,"Cotxe com a acompanyant"," "," ",NULL,"2","Home","30-44","Barcelonès","Estudis superiors"
"2022000011","2022","6","Acompanyar o recollir persones majors d'edat","16","45","75","5","Vallès Occidental","Barcelonès","0","Caminant","Cotxe com a conductora",NULL,"Cotxe com a conductora","10"," ","NS/NC","2","Home","30-44","Barcelonès","Estudis superiors"
"2022000011","2022","7","Compres ocasionals o no quotidianes","19","30","20","2","Barcelonès","Barcelonès","1","Caminant",NULL,NULL,"Peu >5 minuts"," "," ",NULL," ","Home","30-44","Barcelonès","Estudis superiors"
"2022000011","2022","8","Acompanyar o recollir persones majors d'edat","20","10","20","1","Barcelonès","Barcelonès","1","Caminant",NULL,NULL,"Peu >5 minuts"," "," ",NULL," ","Home","30-44","Barcelonès","Estudis superiors"
"2022000011","2022","9","Oci, diversió, espectacles, cinemes, restaurants, esports","21","30","60","4","Barcelonès","Baix Llobregat","0","Caminant","Metro","Tramvia","Tramvia"," "," ",NULL," ","Home","30-44","Barcelonès","Estudis superiors"
"2022000011","2022","10","Altres llocs on dormir (hotel, hospital, casa d'amics, etc.)","25","35","60","4","Baix Llobregat","Barcelonès","0","Caminant","Metro",NULL,"Metro"," "," ",NULL," ","Home","30-44","Barcelonès","Estudis superiors"
"2022000012","2022","1","Acompanyar o recollir persones menors d'edat","7","5","10","2","Barcelonès","Barcelonès","1","Cotxe com a conductora",NULL,NULL,"Cotxe com a conductora","5"," ","Gasòil/dièsel","2","Home","30-44","Barcelonès","Secundaris"
"2022000012","2022","2","Compres quotidianes","10","0","60","2","Barcelonès","Barcelonès","1","Caminant",NULL,NULL,"Peu >5 minuts"," "," ",NULL," ","Home","30-44","Barcelonès","Secundaris"
"2022000012","2022","3","Domicili","11","40","20","2","Barcelonès","Barcelonès","1","Caminant",NULL,NULL,"Peu >5 minuts"," "," ",NULL," ","Home","30-44","Barcelonès","Secundaris"
"2022000012","2022","4","Sense destinació fixe, passejar, treure el gos","13","3","30","2","Barcelonès","Barcelonès","1","Caminant",NULL,NULL,"Peu >5 minuts"," "," ",NULL," ","Home","30-44","Barcelonès","Secundaris"
"2022000012","2022","5","Domicili","14","0","50","2","Barcelonès","Barcelonès","1","Caminant",NULL,NULL,"Peu >5 minuts"," "," ",NULL," ","Home","30-44","Barcelonès","Secundaris"
"2022000013","2022","1","Compres quotidianes","16","0","15","2","Barcelonès","Barcelonès","1","Bicicleta",NULL,NULL,"Bicicleta"," "," ",NULL," ","Home","30-44","Barcelonès","Estudis superiors"
"2022000013","2022","2","Domicili","16","35","20","2","Barcelonès","Barcelonès","1","Bicicleta",NULL,NULL,"Bicicleta"," "," ",NULL," ","Home","30-44","Barcelonès","Estudis superiors"
"2022000013","2022","3","Compres quotidianes","17","0","10","1","Barcelonès","Barcelonès","1","Caminant",NULL,NULL,"Peu >5 minuts"," "," ",NULL," ","Home","30-44","Barcelonès","Estudis superiors"
"2022000013","2022","4","Domicili","17","20","10","1","Barcelonès","Barcelonès","1","Caminant",NULL,NULL,"Peu >5 minuts"," "," ",NULL," ","Home","30-44","Barcelonès","Estudis superiors"
"2022000015","2022","1","Oci, diversió, espectacles, cinemes, restaurants, esports","9","0","15","2","Barcelonès","Barcelonès","1","Caminant",NULL,NULL,"Peu >5 minuts"," "," ",NULL," ","Home","30-44","Barcelonès","Estudis superiors"
"2022000015","2022","2","Domicili","9","15","15","2","Barcelonès","Barcelonès","1","Caminant",NULL,NULL,"Peu >5 minuts"," "," ",NULL," ","Home","30-44","Barcelonès","Estudis superiors"
"2022000015","2022","3","Anar a treballar","16","0","10","2","Barcelonès","Barcelonès","1","Bicicleta",NULL,NULL,"Bicicleta"," "," ",NULL," ","Home","30-44","Barcelonès","Estudis superiors"
"2022000015","2022","4","Domicili","20","0","10","2","Barcelonès","Barcelonès","1","Bicicleta",NULL,NULL,"Bicicleta"," "," ",NULL," ","Home","30-44","Barcelonès","Estudis superiors"
"2022000016","2022","1","Gestions personals","14","0","15","2","Barcelonès","Barcelonès","1","Caminant",NULL,NULL,"Peu >5 minuts"," "," ",NULL," ","Home","30-44","Barcelonès","Estudis superiors"
"2022000016","2022","2","Domicili","18","0","15","2","Barcelonès","Barcelonès","1","Caminant",NULL,NULL,"Peu >5 minuts"," "," ",NULL," ","Home","30-44","Barcelonès","Estudis superiors"
"2022000017","2022","1","Anar a treballar","8","15","7","2","Barcelonès","Barcelonès","1","Bicicleta",NULL,NULL,"Bicicleta"," "," ",NULL," ","Home","45-64","Barcelonès","Estudis superiors"
"2022000017","2022","2","Domicili","18","30","7","2","Barcelonès","Barcelonès","1","Bicicleta",NULL,NULL,"Bicicleta"," "," ",NULL," ","Home","45-64","Barcelonès","Estudis superiors"
"2022000017","2022","4","Oci, diversió, espectacles, cinemes, restaurants, esports","22","45","20","4","Barcelonès","Barcelonès","1","Taxi (Uber, Cabify)",NULL,NULL,"Taxi"," "," ",NULL," ","Home","45-64","Barcelonès","Estudis superiors"
"2022000017","2022","5","Domicili","27","0","15","3","Barcelonès","Barcelonès","1","Taxi (Uber, Cabify)",NULL,NULL,"Taxi"," "," ",NULL," ","Home","45-64","Barcelonès","Estudis superiors"
"2022000018","2022","1","Anar a treballar","8","0","40","3","Barcelonès","Barcelonès","1","Metro",NULL,NULL,"Metro"," "," ",NULL," ","Home","30-44","Barcelonès","Estudis superiors"
"2022000018","2022","2","Domicili","15","45","40","3","Barcelonès","Barcelonès","1","Metro",NULL,NULL,"Metro"," "," ",NULL," ","Home","30-44","Barcelonès","Estudis superiors"
"2022000018","2022","3","Compres quotidianes","19","0","10","1","Barcelonès","Barcelonès","1","Caminant",NULL,NULL,"Peu >5 minuts"," "," ",NULL," ","Home","30-44","Barcelonès","Estudis superiors"
"2022000018","2022","4","Domicili","19","10","10","1","Barcelonès","Barcelonès","1","Caminant",NULL,NULL,"Peu >5 minuts"," "," ",NULL," ","Home","30-44","Barcelonès","Estudis superiors"
"2022000019","2022","1","Anar a treballar","12","30","10","3","Barcelonès","Barcelonès","1","Bicicleta",NULL,NULL,"Bicicleta"," "," ",NULL," ","Home","16-29","Barcelonès","Estudis superiors"
"2022000019","2022","2","Domicili","23","30","10","3","Barcelonès","Barcelonès","1","Bicicleta",NULL,NULL,"Bicicleta"," "," ",NULL," ","Home","16-29","Barcelonès","Estudis superiors"
"2022000020","2022","1","Sense destinació fixe, passejar, treure el gos","7","0","15","1","Barcelonès","Barcelonès","1","Caminant",NULL,NULL,"Peu >5 minuts"," "," ",NULL," ","Home","30-44","Barcelonès","Estudis superiors"
"2022000020","2022","2","Domicili","7","15","15","1","Barcelonès","Barcelonès","1","Caminant",NULL,NULL,"Peu >5 minuts"," "," ",NULL," ","Home","30-44","Barcelonès","Estudis superiors"
"2022000020","2022","5","Sense destinació fixe, passejar, treure el gos","18","30","15","1","Barcelonès","Barcelonès","1","Caminant",NULL,NULL,"Peu >5 minuts"," "," ",NULL," ","Home","30-44","Barcelonès","Estudis superiors"
"2022000020","2022","6","Domicili","19","30","15","1","Barcelonès","Barcelonès","1","Caminant",NULL,NULL,"Peu >5 minuts"," "," ",NULL," ","Home","30-44","Barcelonès","Estudis superiors"
"2022000021","2022","1","Compres quotidianes","11","57","30","3","Barcelonès","Barcelonès","1","Cotxe com a conductora",NULL,NULL,"Cotxe com a conductora","3"," ","Gasòil/dièsel","1","Home","30-44","Barcelonès","Estudis superiors"
"2022000021","2022","2","Compres quotidianes","15","0","60","3","Barcelonès","Barcelonès","1","Caminant",NULL,NULL,"Peu >5 minuts"," "," ",NULL," ","Home","30-44","Barcelonès","Estudis superiors"
"2022000021","2022","3","Acompanyar o recollir persones menors d'edat","16","47","30","1","Barcelonès","Barcelonès","1","Caminant",NULL,NULL,"Peu >5 minuts"," "," ",NULL," ","Home","30-44","Barcelonès","Estudis superiors"
"2022000021","2022","4","Acompanyar o recollir persones menors d'edat","19","31","56","2","Barcelonès","Barcelonès","1","Caminant",NULL,NULL,"Peu >5 minuts"," "," ",NULL," ","Home","30-44","Barcelonès","Estudis superiors"
"2022000021","2022","5","Acompanyar o recollir persones menors d'edat","20","7","20","2","Barcelonès","Barcelonès","1","Caminant",NULL,NULL,"Peu >5 minuts"," "," ",NULL," ","Home","30-44","Barcelonès","Estudis superiors"
"2022000021","2022","6","Compres quotidianes","21","0","25","2","Barcelonès","Barcelonès","1","Caminant",NULL,NULL,"Peu >5 minuts"," "," ",NULL," ","Home","30-44","Barcelonès","Estudis superiors"
"2022000021","2022","7","Domicili","22","0","13","1","Barcelonès","Barcelonès","1","Caminant",NULL,NULL,"Peu >5 minuts"," "," ",NULL," ","Home","30-44","Barcelonès","Estudis superiors"
"2022000022","2022","1","Anar a treballar","10","0","2","1","Barcelonès","Barcelonès","1","Caminant",NULL,NULL,"Peu <= 5 minuts"," "," ",NULL," ","Home","30-44","Barcelonès","Secundaris"
"2022000022","2022","2","Domicili","18","0","2","1","Barcelonès","Barcelonès","1","Caminant",NULL,NULL,"Peu <= 5 minuts"," "," ",NULL," ","Home","30-44","Barcelonès","Secundaris"
"2022000023","2022","1","Estudis","8","10","30","5","Barcelonès","Vallès Occidental","0","Moto com a conductora",NULL,NULL,"Moto com a conductora","1"," ","Benzina/sense plom 95/sense plom 98","1","Home","30-44","Barcelonès","Estudis superiors"
"2022000023","2022","2","Domicili","15","30","30","5","Vallès Occidental","Barcelonès","0","Moto com a conductora",NULL,NULL,"Moto com a conductora","1"," ","Benzina/sense plom 95/sense plom 98","1","Home","30-44","Barcelonès","Estudis superiors"
"2022000024","2022","1","Anar a treballar","8","0","40","4","Barcelonès","Baix Llobregat","0","Cotxe com a conductora",NULL,NULL,"Cotxe com a conductora","4"," ","Gasòil/dièsel","1","Home","30-44","Barcelonès","Estudis superiors"
"2022000024","2022","2","Domicili","17","0","60","4","Baix Llobregat","Barcelonès","0","Cotxe com a conductora",NULL,NULL,"Cotxe com a conductora","4"," ","Gasòil/dièsel","1","Home","30-44","Barcelonès","Estudis superiors"
"2022000025","2022","1","Gestions personals","9","40","10","2","Barcelonès","Barcelonès","1","Bicicleta",NULL,NULL,"Bicicleta"," "," ",NULL," ","Home","30-44","Barcelonès","Estudis superiors"
"2022000025","2022","2","Domicili","13","0","10","2","Barcelonès","Barcelonès","1","Bicicleta",NULL,NULL,"Bicicleta"," "," ",NULL," ","Home","30-44","Barcelonès","Estudis superiors"
"2022000025","2022","3","Gestions personals","22","0","10","2","Barcelonès","Barcelonès","1","Bicicleta",NULL,NULL,"Bicicleta"," "," ",NULL," ","Home","30-44","Barcelonès","Estudis superiors"
"2022000025","2022","4","Domicili","22","30","10","2","Barcelonès","Barcelonès","1","Bicicleta",NULL,NULL,"Bicicleta"," "," ",NULL," ","Home","30-44","Barcelonès","Estudis superiors"
"2022000026","2022","1","Oci, diversió, espectacles, cinemes, restaurants, esports","12","0","10","1","Barcelonès","Barcelonès","1","Caminant",NULL,NULL,"Peu >5 minuts"," "," ",NULL," ","Home","45-64","Barcelonès","Estudis superiors"
"2022000026","2022","2","Oci, diversió, espectacles, cinemes, restaurants, esports","13","15","6","1","Barcelonès","Barcelonès","1","Caminant",NULL,NULL,"Peu >5 minuts"," "," ",NULL," ","Home","45-64","Barcelonès","Estudis superiors"
"2022000026","2022","3","Domicili","15","30","10","1","Barcelonès","Barcelonès","1","Caminant",NULL,NULL,"Peu >5 minuts"," "," ",NULL," ","Home","45-64","Barcelonès","Estudis superiors"
"2022000027","2022","1","Anar a treballar","9","30","5","2","Barcelonès","Barcelonès","1","Moto com a conductora",NULL,NULL,"Moto com a conductora","10"," ","Benzina/sense plom 95/sense plom 98","1","Home","45-64","Barcelonès","Estudis superiors"
"2022000027","2022","2","Domicili","16","30","5","2","Barcelonès","Barcelonès","1","Moto com a conductora",NULL,NULL,"Moto com a conductora","10"," ","Benzina/sense plom 95/sense plom 98","1","Home","45-64","Barcelonès","Estudis superiors"
"2022000027","2022","3","Compres quotidianes","18","0","3","1","Barcelonès","Barcelonès","1","Caminant",NULL,NULL,"Peu <= 5 minuts"," "," ",NULL," ","Home","45-64","Barcelonès","Estudis superiors"
"2022000027","2022","4","Domicili","19","0","3","1","Barcelonès","Barcelonès","1","Caminant",NULL,NULL,"Peu <= 5 minuts"," "," ",NULL," ","Home","45-64","Barcelonès","Estudis superiors"
"2022000028","2022","1","Compres quotidianes","11","0","5","1","Barcelonès","Barcelonès","1","Caminant",NULL,NULL,"Peu <= 5 minuts"," "," ",NULL," ","Home","45-64","Barcelonès","Primaris"
"2022000028","2022","2","Domicili","11","15","5","1","Barcelonès","Barcelonès","1","Caminant",NULL,NULL,"Peu <= 5 minuts"," "," ",NULL," ","Home","45-64","Barcelonès","Primaris"
"2022000029","2022","1","Anar a treballar","3","30","80","4","Barcelonès","Barcelonès","1","Altres autobús (urbà no TMB i/o interurbà)","Autobús empresa",NULL,"Altres autobús"," "," ",NULL," ","Home","45-64","Barcelonès","Secundaris"
"2022000029","2022","2","Domicili","15","0","50","4","Barcelonès","Barcelonès","1","Autobús TMB",NULL,NULL,"Autobús TMB"," "," ",NULL," ","Home","45-64","Barcelonès","Secundaris"
"2022000030","2022","1","Anar a treballar","9","15","20","5","Barcelonès","Vallès Occidental","0","Cotxe com a conductora",NULL,NULL,"Cotxe com a conductora","15"," ","Gasòil/dièsel","1","Home","45-64","Barcelonès","Estudis superiors"
"2022000030","2022","2","Visitar amic o familiar (sense quedar-se a dormir)","16","30","10","3","Maresme","Maresme","0","Cotxe com a conductora",NULL,NULL,"Cotxe com a conductora","15"," ","Gasòil/dièsel","1","Home","45-64","Barcelonès","Estudis superiors"
"2022000030","2022","3","Gestions personals","18","0","40","5","Maresme","Barcelonès","0","Cotxe com a conductora",NULL,NULL,"Cotxe com a conductora","15"," ","Gasòil/dièsel","1","Home","45-64","Barcelonès","Estudis superiors"
"2022000030","2022","4","Domicili","19","0","30","3","Barcelonès","Barcelonès","1","Cotxe com a conductora",NULL,NULL,"Cotxe com a conductora","15"," ","Gasòil/dièsel","1","Home","45-64","Barcelonès","Estudis superiors"
"2022000031","2022","1","Recollir paquests de comerç-e","9","30","25","3","Barcelonès","Barcelonès","1","Metro",NULL,NULL,"Metro"," "," ",NULL," ","Home","45-64","Barcelonès","Secundaris"
"2022000031","2022","2","Gestions personals","10","0","15","2","Barcelonès","Barcelonès","1","Cotxe com a conductora",NULL,NULL,"Cotxe com a conductora","2"," ","Benzina/sense plom 95/sense plom 98","1","Home","45-64","Barcelonès","Secundaris"
"2022000031","2022","3","Visitar amic o familiar (sense quedar-se a dormir)","10","25","20","2","Barcelonès","Barcelonès","1","Caminant",NULL,NULL,"Peu >5 minuts"," "," ",NULL," ","Home","45-64","Barcelonès","Secundaris"
"2022000031","2022","4","Oci, diversió, espectacles, cinemes, restaurants, esports","13","30","15","2","Barcelonès","Barcelonès","1","Metro",NULL,NULL,"Metro"," "," ",NULL," ","Home","45-64","Barcelonès","Secundaris"
"2022000031","2022","5","Gestions personals","15","15","25","3","Barcelonès","Barcelonès","1","Metro","Caminant",NULL,"Metro"," "," ",NULL," ","Home","45-64","Barcelonès","Secundaris"
"2022000031","2022","6","Domicili","17","0","25","3","Barcelonès","Barcelonès","1","Autobús TMB",NULL,NULL,"Autobús TMB"," "," ",NULL," ","Home","45-64","Barcelonès","Secundaris"
"2022000032","2022","1","Compres quotidianes","12","0","10","1","Barcelonès","Barcelonès","1","Caminant",NULL,NULL,"Peu >5 minuts"," "," ",NULL," ","Home","45-64","Barcelonès","Primaris"
"2022000032","2022","2","Domicili","12","25","10","1","Barcelonès","Barcelonès","1","Caminant",NULL,NULL,"Peu >5 minuts"," "," ",NULL," ","Home","45-64","Barcelonès","Primaris"
"2022000032","2022","3","Gestions personals","18","0","15","2","Barcelonès","Barcelonès","1","Caminant",NULL,NULL,"Peu >5 minuts"," "," ",NULL," ","Home","45-64","Barcelonès","Primaris"
"2022000034","2022","1","Anar a treballar","6","50","100","5","Barcelonès","Vallès Oriental","0","Caminant","Rodalies Renfe","Furgoneta","Rodalies Renfe"," ","99","Benzina/sense plom 95/sense plom 98","3","Home","45-64","Barcelonès","Primaris"
"2022000034","2022","2","Dinar, sopar, bar, restaurant (no oci)","13","0","10","3","Vallès Oriental","Vallès Oriental","1","Furgoneta",NULL,NULL,"Furgoneta"," ","99","Benzina/sense plom 95/sense plom 98","2","Home","45-64","Barcelonès","Primaris"
"2022000034","2022","3","Anar a treballar","14","0","10","3","Vallès Oriental","Vallès Oriental","1","Furgoneta",NULL,NULL,"Furgoneta"," ","99","Benzina/sense plom 95/sense plom 98","2","Home","45-64","Barcelonès","Primaris"
"2022000034","2022","4","Domicili","17","30","80","5","Vallès Oriental","Barcelonès","0","Furgoneta","Rodalies Renfe","Caminant","Rodalies Renfe"," ","99","Benzina/sense plom 95/sense plom 98","3","Home","45-64","Barcelonès","Primaris"
"2022000034","2022","5","Oci, diversió, espectacles, cinemes, restaurants, esports","19","0","20","4","Barcelonès","Barcelonès","1","Moto com a conductora",NULL,NULL,"Moto com a conductora","2"," ","Benzina/sense plom 95/sense plom 98","2","Home","45-64","Barcelonès","Primaris"
"2022000034","2022","6","Domicili","22","0","20","4","Barcelonès","Barcelonès","1","Moto com a conductora",NULL,NULL,"Moto com a conductora","2"," ","Benzina/sense plom 95/sense plom 98","2","Home","45-64","Barcelonès","Primaris"
"2022000035","2022","1","Compres quotidianes","11","0","5","1","Barcelonès","Barcelonès","1","Caminant",NULL,NULL,"Peu <= 5 minuts"," "," ",NULL," ","Home","45-64","Barcelonès","Estudis superiors"
"2022000035","2022","2","Domicili","11","45","5","1","Barcelonès","Barcelonès","1","Caminant",NULL,NULL,"Peu <= 5 minuts"," "," ",NULL," ","Home","45-64","Barcelonès","Estudis superiors"
"2022000035","2022","3","Oci, diversió, espectacles, cinemes, restaurants, esports","14","0","5","1","Barcelonès","Barcelonès","1","Caminant",NULL,NULL,"Peu <= 5 minuts"," "," ",NULL," ","Home","45-64","Barcelonès","Estudis superiors"
"2022000035","2022","4","Domicili","16","0","5","1","Barcelonès","Barcelonès","1","Caminant",NULL,NULL,"Peu <= 5 minuts"," "," ",NULL," ","Home","45-64","Barcelonès","Estudis superiors"
"2022000036","2022","1","Metge, CAP, proves diagnòstiques, recuperacions, hospital (visita pròpia)","12","0","45","3","Barcelonès","Barcelonès","1","Caminant",NULL,NULL,"Peu >5 minuts"," "," ",NULL," ","Home","45-64","Barcelonès","Primaris"
"2022000036","2022","2","Dinar, sopar, bar, restaurant (no oci)","15","0","30","2","Barcelonès","Barcelonès","1","Caminant",NULL,NULL,"Peu >5 minuts"," "," ",NULL," ","Home","45-64","Barcelonès","Primaris"
"2022000036","2022","3","Gestions personals","16","30","105","3","Barcelonès","Barcelonès","1","Caminant",NULL,NULL,"Peu >5 minuts"," "," ",NULL," ","Home","45-64","Barcelonès","Primaris"
"2022000036","2022","4","Domicili","18","25","60","1","Barcelonès","Barcelonès","1","Caminant",NULL,NULL,"Peu >5 minuts"," "," ",NULL," ","Home","45-64","Barcelonès","Primaris"
"2022000037","2022","1","Acompanyar o recollir persones menors d'edat","7","50","5","1","Barcelonès","Barcelonès","1","Cotxe com a conductora",NULL,NULL,"Cotxe com a conductora","16"," ","Benzina/sense plom 95/sense plom 98","2","Home","45-64","Barcelonès","Estudis superiors"
"2022000037","2022","2","Anar a treballar","8","5","15","3","Barcelonès","Barcelonès","1","Cotxe com a conductora",NULL,NULL,"Cotxe com a conductora","16"," ","Benzina/sense plom 95/sense plom 98","1","Home","45-64","Barcelonès","Estudis superiors"
"2022000037","2022","3","Anar a treballar","9","15","20","3","Barcelonès","Barcelonès","1","Cotxe com a conductora",NULL,NULL,"Cotxe com a conductora","16"," ","Benzina/sense plom 95/sense plom 98","2","Home","45-64","Barcelonès","Estudis superiors"
"2022000037","2022","4","Anar a treballar","10","30","15","2","Barcelonès","Barcelonès","1","Cotxe com a conductora",NULL,NULL,"Cotxe com a conductora","16"," ","Benzina/sense plom 95/sense plom 98","2","Home","45-64","Barcelonès","Estudis superiors"
"2022000037","2022","5","Anar a treballar","11","30","15","2","Barcelonès","Barcelonès","1","Cotxe com a conductora",NULL,NULL,"Cotxe com a conductora","16"," ","Benzina/sense plom 95/sense plom 98","2","Home","45-64","Barcelonès","Estudis superiors"
"2022000037","2022","6","Anar a treballar","12","20","25","2","Barcelonès","Barcelonès","1","Cotxe com a conductora",NULL,NULL,"Cotxe com a conductora","16"," ","Benzina/sense plom 95/sense plom 98","2","Home","45-64","Barcelonès","Estudis superiors"
"2022000037","2022","7","Anar a treballar","13","30","15","3","Barcelonès","Barcelonès","1","Cotxe com a conductora",NULL,NULL,"Cotxe com a conductora","16"," ","Benzina/sense plom 95/sense plom 98","2","Home","45-64","Barcelonès","Estudis superiors"
"2022000037","2022","8","Domicili","17","15","20","3","Barcelonès","Barcelonès","1","Cotxe com a conductora",NULL,NULL,"Cotxe com a conductora","16"," ","Benzina/sense plom 95/sense plom 98","1","Home","45-64","Barcelonès","Estudis superiors"
"2022000038","2022","1","Anar a treballar","13","15","25","3","Barcelonès","Barcelonès","1","Metro","Ferrocarrils Generalitat (FGC)",NULL,"FGC"," "," ",NULL," ","Home","45-64","Barcelonès","Estudis superiors"
"2022000038","2022","2","Domicili","19","30","35","3","Barcelonès","Barcelonès","1","Autobús TMB","Metro",NULL,"Metro"," "," ",NULL," ","Home","45-64","Barcelonès","Estudis superiors"
"2022000039","2022","1","Anar a treballar","7","0","45","3","Barcelonès","Barcelonès","1","Caminant",NULL,NULL,"Peu >5 minuts"," "," ",NULL," ","Home","65 i més","Barcelonès","Estudis superiors"
"2022000039","2022","2","Compres quotidianes","13","0","5","1","Barcelonès","Barcelonès","1","Caminant",NULL,NULL,"Peu <= 5 minuts"," "," ",NULL," ","Home","65 i més","Barcelonès","Estudis superiors"
"2022000039","2022","3","Anar a treballar","13","20","10","1","Barcelonès","Barcelonès","1","Caminant",NULL,NULL,"Peu >5 minuts"," "," ",NULL," ","Home","65 i més","Barcelonès","Estudis superiors"
"2022000039","2022","4","Domicili","17","0","45","3","Barcelonès","Barcelonès","1","Caminant",NULL,NULL,"Peu >5 minuts"," "," ",NULL," ","Home","65 i més","Barcelonès","Estudis superiors"
"2022000042","2022","1","Oci, diversió, espectacles, cinemes, restaurants, esports","10","0","10","1","Barcelonès","Barcelonès","1","Caminant",NULL,NULL,"Peu >5 minuts"," "," ",NULL," ","Home","65 i més","Barcelonès","Estudis superiors"
"2022000042","2022","2","Compres quotidianes","12","0","10","1","Barcelonès","Barcelonès","1","Caminant",NULL,NULL,"Peu >5 minuts"," "," ",NULL," ","Home","65 i més","Barcelonès","Estudis superiors"
"2022000042","2022","3","Domicili","13","15","10","1","Barcelonès","Barcelonès","1","Caminant",NULL,NULL,"Peu >5 minuts"," "," ",NULL," ","Home","65 i més","Barcelonès","Estudis superiors"
"2022000043","2022","1","Oci, diversió, espectacles, cinemes, restaurants, esports","9","50","20","1","Barcelonès","Barcelonès","1","Caminant",NULL,NULL,"Peu >5 minuts"," "," ",NULL," ","Home","65 i més","Barcelonès","Estudis superiors"
"2022000043","2022","2","Domicili","13","30","20","1","Barcelonès","Barcelonès","1","Caminant",NULL,NULL,"Peu >5 minuts"," "," ",NULL," ","Home","65 i més","Barcelonès","Estudis superiors"
"2022000043","2022","3","Oci, diversió, espectacles, cinemes, restaurants, esports","16","30","5","1","Barcelonès","Barcelonès","1","Caminant",NULL,NULL,"Peu <= 5 minuts"," "," ",NULL," ","Home","65 i més","Barcelonès","Estudis superiors"
"2022000043","2022","4","Domicili","18","0","5","1","Barcelonès","Barcelonès","1","Caminant",NULL,NULL,"Peu <= 5 minuts"," "," ",NULL," ","Home","65 i més","Barcelonès","Estudis superiors"
"2022000044","2022","1","Oci, diversió, espectacles, cinemes, restaurants, esports","9","0","2","1","Barcelonès","Barcelonès","1","Caminant",NULL,NULL,"Peu <= 5 minuts"," "," ",NULL," ","Home","65 i més","Barcelonès","Primaris"
"2022000044","2022","2","Compres quotidianes","10","0","2","1","Barcelonès","Barcelonès","1","Caminant",NULL,NULL,"Peu <= 5 minuts"," "," ",NULL," ","Home","65 i més","Barcelonès","Primaris"
"2022000044","2022","3","Domicili","13","0","4","1","Barcelonès","Barcelonès","1","Caminant",NULL,NULL,"Peu <= 5 minuts"," "," ",NULL," ","Home","65 i més","Barcelonès","Primaris"
"2022000044","2022","4","Acompanyar o recollir persones menors d'edat","17","0","5","1","Barcelonès","Barcelonès","1","Caminant",NULL,NULL,"Peu <= 5 minuts"," "," ",NULL," ","Home","65 i més","Barcelonès","Primaris"
"2022000044","2022","5","Domicili","17","15","15","1","Barcelonès","Barcelonès","1","Caminant",NULL,NULL,"Peu >5 minuts"," "," ",NULL," ","Home","65 i més","Barcelonès","Primaris"
"2022000046","2022","1","Compres quotidianes","9","30","10","1","Barcelonès","Barcelonès","1","Caminant",NULL,NULL,"Peu >5 minuts"," "," ",NULL," ","Dona","16-29","Barcelonès","Secundaris"
"2022000046","2022","2","Compres quotidianes","10","15","12","1","Barcelonès","Barcelonès","1","Caminant",NULL,NULL,"Peu >5 minuts"," "," ",NULL," ","Dona","16-29","Barcelonès","Secundaris"
"2022000046","2022","3","Gestions personals","11","30","12","1","Barcelonès","Barcelonès","1","Caminant",NULL,NULL,"Peu >5 minuts"," "," ",NULL," ","Dona","16-29","Barcelonès","Secundaris"
"2022000046","2022","4","Domicili","12","0","5","1","Barcelonès","Barcelonès","1","Caminant",NULL,NULL,"Peu <= 5 minuts"," "," ",NULL," ","Dona","16-29","Barcelonès","Secundaris"
"2022000047","2022","1","Anar a treballar","7","35","25","4","Barcelonès","Barcelonès","0","Cotxe com a conductora","Caminant",NULL,"Cotxe com a conductora","7"," ","Gasòil/dièsel","1","Dona","45-64","Barcelonès","Estudis superiors"
"2022000047","2022","2","Domicili","15","30","40","4","Barcelonès","Barcelonès","0","Caminant","Cotxe com a conductora","Caminant","Cotxe com a conductora","7"," ","Gasòil/dièsel","1","Dona","45-64","Barcelonès","Estudis superiors"
"2022000047","2022","3","Acompanyar o recollir persones menors d'edat","16","35","8","1","Barcelonès","Barcelonès","1","Caminant",NULL,NULL,"Peu >5 minuts"," "," ",NULL," ","Dona","45-64","Barcelonès","Estudis superiors"
"2022000047","2022","4","Domicili","17","5","10","1","Barcelonès","Barcelonès","1","Caminant",NULL,NULL,"Peu >5 minuts"," "," ",NULL," ","Dona","45-64","Barcelonès","Estudis superiors"
"2022000048","2022","1","Anar a treballar","6","30","25","3","Barcelonès","Barcelonès","1","Autobús TMB",NULL,NULL,"Autobús TMB"," "," ",NULL," ","Dona","16-29","Barcelonès","Secundaris"
"2022000048","2022","2","Estudis","14","15","30","3","Barcelonès","Barcelonès","1","Metro",NULL,NULL,"Metro"," "," ",NULL," ","Dona","16-29","Barcelonès","Secundaris"
"2022000048","2022","3","Domicili","20","30","15","2","Barcelonès","Barcelonès","1","Metro",NULL,NULL,"Metro"," "," ",NULL," ","Dona","16-29","Barcelonès","Secundaris"
"2022000050","2022","1","Anar a treballar","14","15","20","3","Barcelonès","Barcelonès","1","Caminant","Metro",NULL,"Metro"," "," ",NULL," ","Dona","16-29","Barcelonès","Secundaris"
"2022000050","2022","2","Domicili","17","30","20","3","Barcelonès","Barcelonès","1","Caminant","Metro",NULL,"Metro"," "," ",NULL," ","Dona","16-29","Barcelonès","Secundaris"
"2022000051","2022","1","Anar a treballar","8","30","30","3","Barcelonès","Barcelonès","1","Caminant","Cotxe com a conductora",NULL,"Cotxe com a conductora","15"," ","Benzina/sense plom 95/sense plom 98","1","Dona","30-44","Barcelonès","Estudis superiors"
"2022000051","2022","2","Acompanyar o recollir persones menors d'edat","16","6","36","3","Barcelonès","Barcelonès","1","Cotxe com a conductora","Caminant",NULL,"Cotxe com a conductora","15"," ","Benzina/sense plom 95/sense plom 98","1","Dona","30-44","Barcelonès","Estudis superiors"
"2022000051","2022","3","Acompanyar o recollir persones menors d'edat","17","0","10","1","Barcelonès","Barcelonès","1","Caminant",NULL,NULL,"Peu >5 minuts"," "," ",NULL," ","Dona","30-44","Barcelonès","Estudis superiors"
"2022000051","2022","4","Acompanyar o recollir persones menors d'edat","17","30","5","1","Barcelonès","Barcelonès","1","Caminant",NULL,NULL,"Peu <= 5 minuts"," "," ",NULL," ","Dona","30-44","Barcelonès","Estudis superiors"
"2022000051","2022","5","Domicili","18","0","15","2","Barcelonès","Barcelonès","1","Caminant",NULL,NULL,"Peu >5 minuts"," "," ",NULL," ","Dona","30-44","Barcelonès","Estudis superiors"
"2022000052","2022","1","Acompanyar o recollir persones menors d'edat","8","30","30","2","Barcelonès","Barcelonès","1","Metro","Autobús TMB",NULL,"Metro"," "," ",NULL," ","Dona","30-44","Barcelonès","Secundaris"
"2022000052","2022","2","Anar a treballar","9","0","20","2","Barcelonès","Barcelonès","1","Autobús TMB",NULL,NULL,"Autobús TMB"," "," ",NULL," ","Dona","30-44","Barcelonès","Secundaris"
"2022000052","2022","3","Acompanyar o recollir persones menors d'edat","16","30","20","2","Barcelonès","Barcelonès","1","Autobús TMB",NULL,NULL,"Autobús TMB"," "," ",NULL," ","Dona","30-44","Barcelonès","Secundaris"
"2022000052","2022","4","Domicili","17","30","45","2","Barcelonès","Barcelonès","1","Caminant",NULL,NULL,"Peu >5 minuts"," "," ",NULL," ","Dona","30-44","Barcelonès","Secundaris"
"2022000053","2022","1","Anar a treballar","14","0","40","4","Barcelonès","Barcelonès","1","Metro",NULL,NULL,"Metro"," "," ",NULL," ","Dona","16-29","Barcelonès","Estudis superiors"
"2022000053","2022","2","Oci, diversió, espectacles, cinemes, restaurants, esports","22","30","40","4","Barcelonès","Barcelonès","1","Metro",NULL,NULL,"Metro"," "," ",NULL," ","Dona","16-29","Barcelonès","Estudis superiors"
"2022000053","2022","3","Domicili","25","0","30","2","Barcelonès","Barcelonès","1","Caminant",NULL,NULL,"Peu >5 minuts"," "," ",NULL," ","Dona","16-29","Barcelonès","Estudis superiors"
"2022000054","2022","1","Sense destinació fixe, passejar, treure el gos","9","0","15","2","Barcelonès","Barcelonès","1","Caminant",NULL,NULL,"Peu >5 minuts"," "," ",NULL," ","Dona","30-44","Barcelonès","Estudis superiors"
"2022000054","2022","2","Domicili","9","30","15","2","Barcelonès","Barcelonès","1","Caminant",NULL,NULL,"Peu >5 minuts"," "," ",NULL," ","Dona","30-44","Barcelonès","Estudis superiors"
"2022000054","2022","3","Sense destinació fixe, passejar, treure el gos","18","0","15","2","Barcelonès","Barcelonès","1","Caminant",NULL,NULL,"Peu >5 minuts"," "," ",NULL," ","Dona","30-44","Barcelonès","Estudis superiors"
"2022000054","2022","4","Domicili","19","0","15","2","Barcelonès","Barcelonès","1","Caminant",NULL,NULL,"Peu >5 minuts"," "," ",NULL," ","Dona","30-44","Barcelonès","Estudis superiors"
"2022000056","2022","1","Compres quotidianes","19","0","5","1","Barcelonès","Barcelonès","1","Caminant",NULL,NULL,"Peu <= 5 minuts"," "," ",NULL," ","Dona","30-44","Barcelonès","Estudis superiors"
"2022000056","2022","2","Oci, diversió, espectacles, cinemes, restaurants, esports","20","0","5","1","Barcelonès","Barcelonès","1","Caminant",NULL,NULL,"Peu <= 5 minuts"," "," ",NULL," ","Dona","30-44","Barcelonès","Estudis superiors"
"2022000056","2022","3","Domicili","20","25","5","1","Barcelonès","Barcelonès","1","Caminant",NULL,NULL,"Peu <= 5 minuts"," "," ",NULL," ","Dona","30-44","Barcelonès","Estudis superiors"
"2022000057","2022","1","Anar a treballar","14","45","50","4","Barcelonès","Baix Llobregat","0","Metro","Altres autobús (urbà no TMB i/o interurbà)",NULL,"Metro"," "," ",NULL," ","Dona","30-44","Barcelonès","Estudis superiors"
"2022000057","2022","2","Domicili","24","0","40","4","Baix Llobregat","Barcelonès","0","Altres autobús (urbà no TMB i/o interurbà)",NULL,NULL,"Altres autobús"," "," ",NULL," ","Dona","30-44","Barcelonès","Estudis superiors"
"2022000058","2022","1","Anar a treballar","7","30","25","2","Barcelonès","Barcelonès","1","Caminant",NULL,NULL,"Peu >5 minuts"," "," ",NULL," ","Dona","30-44","Barcelonès","Estudis superiors"
"2022000058","2022","2","Domicili","17","10","25","2","Barcelonès","Barcelonès","1","Caminant",NULL,NULL,"Peu >5 minuts"," "," ",NULL," ","Dona","30-44","Barcelonès","Estudis superiors"
"2022000059","2022","1","Anar a treballar","8","0","45","4","Barcelonès","Barcelonès","1","Autobús TMB","Caminant",NULL,"Autobús TMB"," "," ",NULL," ","Dona","30-44","Barcelonès","Sense estudis"
"2022000059","2022","2","Oci, diversió, espectacles, cinemes, restaurants, esports","15","0","120","5","Barcelonès","Vallès Oriental","0","Caminant","Metro","Ferrocarrils Generalitat (FGC)","FGC"," "," ",NULL," ","Dona","30-44","Barcelonès","Sense estudis"
"2022000059","2022","3","Dinar, sopar, bar, restaurant (no oci)","20","0","60","5","Vallès Oriental","Barcelonès","0","Caminant","Ferrocarrils Generalitat (FGC)",NULL,"FGC"," "," ",NULL," ","Dona","30-44","Barcelonès","Sense estudis"
"2022000059","2022","4","Domicili","25","0","20","3","Barcelonès","Barcelonès","1","Taxi (Uber, Cabify)",NULL,NULL,"Taxi"," "," ",NULL," ","Dona","30-44","Barcelonès","Sense estudis"
"2022000060","2022","1","Anar a treballar","7","15","45","4","Barcelonès","Barcelonès","1","Metro",NULL,NULL,"Metro"," "," ",NULL," ","Dona","30-44","Barcelonès","Estudis superiors"
"2022000060","2022","2","Domicili","13","45","45","4","Barcelonès","Barcelonès","1","Metro",NULL,NULL,"Metro"," "," ",NULL," ","Dona","30-44","Barcelonès","Estudis superiors"
"2022000060","2022","3","Compres ocasionals o no quotidianes","16","30","20","2","Barcelonès","Barcelonès","1","Metro",NULL,NULL,"Metro"," "," ",NULL," ","Dona","30-44","Barcelonès","Estudis superiors"
"2022000060","2022","4","Domicili","17","30","20","2","Barcelonès","Barcelonès","1","Metro",NULL,NULL,"Metro"," "," ",NULL," ","Dona","30-44","Barcelonès","Estudis superiors"
"2022000061","2022","1","Compres quotidianes","18","0","15","1","Barcelonès","Barcelonès","1","Caminant",NULL,NULL,"Peu >5 minuts"," "," ",NULL," ","Dona","30-44","Barcelonès","Estudis superiors"
"2022000061","2022","2","Domicili","18","30","15","1","Barcelonès","Barcelonès","1","Caminant",NULL,NULL,"Peu >5 minuts"," "," ",NULL," ","Dona","30-44","Barcelonès","Estudis superiors"
"2022000062","2022","1","Anar a treballar","10","0","25","3","Barcelonès","Barcelonès","1","Caminant","Autobús TMB","Caminant","Autobús TMB"," "," ",NULL," ","Dona","30-44","Barcelonès","Estudis superiors"
"2022000062","2022","2","Dinar, sopar, bar, restaurant (no oci)","15","0","5","1","Barcelonès","Barcelonès","1","Caminant",NULL,NULL,"Peu <= 5 minuts"," "," ",NULL," ","Dona","30-44","Barcelonès","Estudis superiors"
"2022000062","2022","3","Anar a treballar","15","15","5","1","Barcelonès","Barcelonès","1","Caminant",NULL,NULL,"Peu <= 5 minuts"," "," ",NULL," ","Dona","30-44","Barcelonès","Estudis superiors"
"2022000062","2022","4","Oci, diversió, espectacles, cinemes, restaurants, esports","20","30","30","2","Barcelonès","Barcelonès","1","Caminant","Autobús TMB",NULL,"Autobús TMB"," "," ",NULL," ","Dona","30-44","Barcelonès","Estudis superiors"
"2022000062","2022","5","Oci, diversió, espectacles, cinemes, restaurants, esports","21","10","7","1","Barcelonès","Barcelonès","1","Caminant",NULL,NULL,"Peu >5 minuts"," "," ",NULL," ","Dona","30-44","Barcelonès","Estudis superiors"
"2022000062","2022","6","Oci, diversió, espectacles, cinemes, restaurants, esports","21","45","7","1","Barcelonès","Barcelonès","1","Caminant",NULL,NULL,"Peu >5 minuts"," "," ",NULL," ","Dona","30-44","Barcelonès","Estudis superiors"
"2022000062","2022","7","Domicili","24","15","7","1","Barcelonès","Barcelonès","1","Caminant",NULL,NULL,"Peu >5 minuts"," "," ",NULL," ","Dona","30-44","Barcelonès","Estudis superiors"
"2022000063","2022","1","Acompanyar o recollir persones menors d'edat","8","15","7","1","Barcelonès","Barcelonès","1","Caminant",NULL,NULL,"Peu >5 minuts"," "," ",NULL," ","Dona","30-44","Barcelonès","Secundaris"
"2022000063","2022","2","Domicili","8","35","5","1","Barcelonès","Barcelonès","1","Caminant",NULL,NULL,"Peu <= 5 minuts"," "," ",NULL," ","Dona","30-44","Barcelonès","Secundaris"
"2022000063","2022","3","Compres quotidianes","10","0","2","1","Barcelonès","Barcelonès","1","Caminant",NULL,NULL,"Peu <= 5 minuts"," "," ",NULL," ","Dona","30-44","Barcelonès","Secundaris"
"2022000063","2022","4","Domicili","11","0","2","1","Barcelonès","Barcelonès","1","Caminant",NULL,NULL,"Peu <= 5 minuts"," "," ",NULL," ","Dona","30-44","Barcelonès","Secundaris"
"2022000063","2022","5","Acompanyar o recollir persones menors d'edat","16","15","5","1","Barcelonès","Barcelonès","1","Caminant",NULL,NULL,"Peu <= 5 minuts"," "," ",NULL," ","Dona","30-44","Barcelonès","Secundaris"
"2022000063","2022","6","Domicili","16","40","7","1","Barcelonès","Barcelonès","1","Caminant",NULL,NULL,"Peu >5 minuts"," "," ",NULL," ","Dona","30-44","Barcelonès","Secundaris"
"2022000064","2022","1","Visitar amic o familiar (sense quedar-se a dormir)","12","0","40","5","Barcelonès","Maresme","0","Altres autobús (urbà no TMB i/o interurbà)",NULL,NULL,"Altres autobús"," "," ",NULL," ","Dona","30-44","Barcelonès","Estudis superiors"
"2022000064","2022","2","Domicili","15","30","40","5","Maresme","Barcelonès","0","Altres autobús (urbà no TMB i/o interurbà)",NULL,NULL,"Altres autobús"," "," ",NULL," ","Dona","30-44","Barcelonès","Estudis superiors"
"2022000064","2022","3","Metge, CAP, proves diagnòstiques, recuperacions, hospital (visita pròpia)","16","30","35","3","Barcelonès","Barcelonès","1","Autobús TMB","Caminant",NULL,"Autobús TMB"," "," ",NULL," ","Dona","30-44","Barcelonès","Estudis superiors"
"2022000064","2022","4","Domicili","18","0","35","3","Barcelonès","Barcelonès","1","Caminant","Autobús TMB",NULL,"Autobús TMB"," "," ",NULL," ","Dona","30-44","Barcelonès","Estudis superiors"
"2022000065","2022","1","Compres quotidianes","9","0","15","1","Barcelonès","Barcelonès","1","Caminant",NULL,NULL,"Peu >5 minuts"," "," ",NULL," ","Dona","45-64","Barcelonès","Estudis superiors"
"2022000065","2022","2","Domicili","10","0","15","1","Barcelonès","Barcelonès","1","Caminant",NULL,NULL,"Peu >5 minuts"," "," ",NULL," ","Dona","45-64","Barcelonès","Estudis superiors"
"2022000065","2022","3","Anar a treballar","14","30","45","5","Barcelonès","Vallès Occidental","0","Metro","Ferrocarrils Generalitat (FGC)","Caminant","FGC"," "," ",NULL," ","Dona","45-64","Barcelonès","Estudis superiors"
"2022000065","2022","4","Oci, diversió, espectacles, cinemes, restaurants, esports","19","30","45","5","Vallès Occidental","Barcelonès","0","Ferrocarrils Generalitat (FGC)","Metro","Caminant","FGC"," "," ",NULL," ","Dona","45-64","Barcelonès","Estudis superiors"
"2022000065","2022","5","Domicili","23","30","15","1","Barcelonès","Barcelonès","1","Caminant",NULL,NULL,"Peu >5 minuts"," "," ",NULL," ","Dona","45-64","Barcelonès","Estudis superiors"
"2022000066","2022","1","Compres quotidianes","19","0","10","1","Barcelonès","Barcelonès","1","Caminant",NULL,NULL,"Peu >5 minuts"," "," ",NULL," ","Dona","45-64","Barcelonès","Estudis superiors"
"2022000066","2022","2","Oci, diversió, espectacles, cinemes, restaurants, esports","19","20","10","1","Barcelonès","Barcelonès","1","Caminant",NULL,NULL,"Peu >5 minuts"," "," ",NULL," ","Dona","45-64","Barcelonès","Estudis superiors"
"2022000066","2022","3","Altres llocs on dormir (hotel, hospital, casa d'amics, etc.)","19","55","20","2","Barcelonès","Barcelonès","1","Caminant",NULL,NULL,"Peu >5 minuts"," "," ",NULL," ","Dona","45-64","Barcelonès","Estudis superiors"
"2022000067","2022","1","Metge, CAP, proves diagnòstiques, recuperacions, hospital (visita pròpia)","9","0","20","2","Barcelonès","Barcelonès","1","Caminant",NULL,NULL,"Peu >5 minuts"," "," ",NULL," ","Dona","45-64","Barcelonès","Estudis superiors"
"2022000067","2022","2","Domicili","10","30","20","2","Barcelonès","Barcelonès","1","Caminant",NULL,NULL,"Peu >5 minuts"," "," ",NULL," ","Dona","45-64","Barcelonès","Estudis superiors"
"2022000067","2022","3","Oci, diversió, espectacles, cinemes, restaurants, esports","16","30","20","3","Barcelonès","Barcelonès","1","Metro",NULL,NULL,"Metro"," "," ",NULL," ","Dona","45-64","Barcelonès","Estudis superiors"
"2022000067","2022","4","Oci, diversió, espectacles, cinemes, restaurants, esports","19","30","30","3","Barcelonès","Barcelonès","1","Metro",NULL,NULL,"Metro"," "," ",NULL," ","Dona","45-64","Barcelonès","Estudis superiors"
"2022000067","2022","5","Domicili","22","10","20","2","Barcelonès","Barcelonès","1","Caminant",NULL,NULL,"Peu >5 minuts"," "," ",NULL," ","Dona","45-64","Barcelonès","Estudis superiors"
"2022000068","2022","1","Anar a treballar","7","20","25","5","Barcelonès","Maresme","0","Cotxe com a acompanyant",NULL,NULL,"Cotxe com a acompanyant"," "," ",NULL,"2","Dona","45-64","Barcelonès","Secundaris"
"2022000068","2022","2","Domicili","17","15","40","5","Maresme","Barcelonès","0","Cotxe com a conductora",NULL,NULL,"Cotxe com a conductora","3"," ","GLP (Gas Liquat)","3","Dona","45-64","Barcelonès","Secundaris"
"2022000068","2022","3","Oci, diversió, espectacles, cinemes, restaurants, esports","18","50","5","1","Barcelonès","Barcelonès","1","Caminant",NULL,NULL,"Peu <= 5 minuts"," "," ",NULL," ","Dona","45-64","Barcelonès","Secundaris"
"2022000068","2022","4","Domicili","19","50","5","1","Barcelonès","Barcelonès","1","Caminant",NULL,NULL,"Peu <= 5 minuts"," "," ",NULL," ","Dona","45-64","Barcelonès","Secundaris"
"2022000068","2022","5","Compres quotidianes","20","5","8","1","Barcelonès","Barcelonès","1","Caminant",NULL,NULL,"Peu >5 minuts"," "," ",NULL," ","Dona","45-64","Barcelonès","Secundaris"
"2022000068","2022","6","Domicili","20","20","6","1","Barcelonès","Barcelonès","1","Caminant",NULL,NULL,"Peu >5 minuts"," "," ",NULL," ","Dona","45-64","Barcelonès","Secundaris"
"2022000069","2022","1","Metge, CAP, proves diagnòstiques, recuperacions, hospital (visita pròpia)","10","0","15","2","Barcelonès","Barcelonès","1","Metro","Caminant",NULL,"Metro"," "," ",NULL," ","Dona","45-64","Barcelonès","Estudis superiors"
"2022000069","2022","2","Domicili","11","30","15","2","Barcelonès","Barcelonès","1","Caminant","Metro",NULL,"Metro"," "," ",NULL," ","Dona","45-64","Barcelonès","Estudis superiors"
"2022000069","2022","3","Anar a treballar","13","30","15","1","Barcelonès","Barcelonès","1","Caminant",NULL,NULL,"Peu >5 minuts"," "," ",NULL," ","Dona","45-64","Barcelonès","Estudis superiors"
"2022000069","2022","4","Anar a treballar","14","55","10","1","Barcelonès","Barcelonès","1","Caminant",NULL,NULL,"Peu >5 minuts"," "," ",NULL," ","Dona","45-64","Barcelonès","Estudis superiors"
"2022000069","2022","5","Domicili","19","30","15","2","Barcelonès","Barcelonès","1","Caminant",NULL,NULL,"Peu >5 minuts"," "," ",NULL," ","Dona","45-64","Barcelonès","Estudis superiors"
"2022000070","2022","1","Anar a treballar","6","30","12","3","Barcelonès","Barcelonès","1","Metro",NULL,NULL,"Metro"," "," ",NULL," ","Dona","45-64","Barcelonès","Secundaris"
"2022000070","2022","2","Domicili","18","30","12","3","Barcelonès","Barcelonès","1","Metro",NULL,NULL,"Metro"," "," ",NULL," ","Dona","45-64","Barcelonès","Secundaris"
"2022000070","2022","3","Oci, diversió, espectacles, cinemes, restaurants, esports","19","10","7","1","Barcelonès","Barcelonès","1","Caminant",NULL,NULL,"Peu >5 minuts"," "," ",NULL," ","Dona","45-64","Barcelonès","Secundaris"
"2022000070","2022","4","Domicili","20","10","7","1","Barcelonès","Barcelonès","1","Caminant",NULL,NULL,"Peu >5 minuts"," "," ",NULL," ","Dona","45-64","Barcelonès","Secundaris"
"2022000071","2022","1","Anar a treballar","8","15","25","4","Barcelonès","Barcelonès","0","Cotxe com a acompanyant",NULL,NULL,"Cotxe com a acompanyant"," "," ",NULL,"2","Dona","45-64","Barcelonès","Estudis superiors"
"2022000071","2022","2","Domicili","13","30","60","4","Barcelonès","Barcelonès","0","Cotxe com a acompanyant",NULL,NULL,"Cotxe com a acompanyant"," "," ",NULL,"3","Dona","45-64","Barcelonès","Estudis superiors"
"2022000071","2022","3","Anar a treballar","16","30","25","4","Barcelonès","Barcelonès","0","Cotxe com a acompanyant",NULL,NULL,"Cotxe com a acompanyant"," "," ",NULL,"2","Dona","45-64","Barcelonès","Estudis superiors"
"2022000071","2022","4","Domicili","20","0","25","4","Barcelonès","Barcelonès","0","Cotxe com a acompanyant",NULL,NULL,"Cotxe com a acompanyant"," "," ",NULL,"2","Dona","45-64","Barcelonès","Estudis superiors"
"2022000071","2022","5","Gestions personals","21","30","3","1","Barcelonès","Barcelonès","1","Caminant",NULL,NULL,"Peu <= 5 minuts"," "," ",NULL," ","Dona","45-64","Barcelonès","Estudis superiors"
"2022000071","2022","6","Domicili","21","33","3","1","Barcelonès","Barcelonès","1","Caminant",NULL,NULL,"Peu <= 5 minuts"," "," ",NULL," ","Dona","45-64","Barcelonès","Estudis superiors"
"2022000072","2022","1","Anar a treballar","8","0","35","3","Barcelonès","Barcelonès","1","Caminant",NULL,NULL,"Peu >5 minuts"," "," ",NULL," ","Dona","45-64","Barcelonès","Estudis superiors"
"2022000072","2022","2","Domicili","17","30","35","3","Barcelonès","Barcelonès","1","Caminant",NULL,NULL,"Peu >5 minuts"," "," ",NULL," ","Dona","45-64","Barcelonès","Estudis superiors"
"2022000072","2022","3","Compres quotidianes","19","10","3","1","Barcelonès","Barcelonès","1","Caminant",NULL,NULL,"Peu <= 5 minuts"," "," ",NULL," ","Dona","45-64","Barcelonès","Estudis superiors"
"2022000072","2022","4","Domicili","19","25","3","1","Barcelonès","Barcelonès","1","Caminant",NULL,NULL,"Peu <= 5 minuts"," "," ",NULL," ","Dona","45-64","Barcelonès","Estudis superiors"
"2022000073","2022","1","Anar a treballar","7","10","25","3","Barcelonès","Barcelonès","1","Metro","Autobús TMB",NULL,"Metro"," "," ",NULL," ","Dona","45-64","Barcelonès","Secundaris"
"2022000073","2022","2","Domicili","14","0","30","3","Barcelonès","Barcelonès","1","Autobús TMB",NULL,NULL,"Autobús TMB"," "," ",NULL," ","Dona","45-64","Barcelonès","Secundaris"
"2022000073","2022","3","Compres quotidianes","17","0","8","2","Barcelonès","Barcelonès","1","Autobús TMB",NULL,NULL,"Autobús TMB"," "," ",NULL," ","Dona","45-64","Barcelonès","Secundaris"
"2022000073","2022","4","Domicili","17","30","5","2","Barcelonès","Barcelonès","1","Autobús TMB",NULL,NULL,"Autobús TMB"," "," ",NULL," ","Dona","45-64","Barcelonès","Secundaris"
"2022000073","2022","5","Acompanyar o recollir persones menors d'edat","18","0","10","2","Barcelonès","Barcelonès","1","Autobús TMB",NULL,NULL,"Autobús TMB"," "," ",NULL," ","Dona","45-64","Barcelonès","Secundaris"
"2022000073","2022","6","Domicili","19","45","10","2","Barcelonès","Barcelonès","1","Autobús TMB",NULL,NULL,"Autobús TMB"," "," ",NULL," ","Dona","45-64","Barcelonès","Secundaris"
"2022000074","2022","3","Domicili","14","10","4","1","Barcelonès","Barcelonès","1","Caminant",NULL,NULL,"Peu <= 5 minuts"," "," ",NULL," ","Dona","45-64","Barcelonès","Primaris"
"2022000075","2022","1","Metge, CAP, proves diagnòstiques, recuperacions, hospital (visita pròpia)","11","0","20","2","Barcelonès","Barcelonès","1","Caminant",NULL,NULL,"Peu >5 minuts"," "," ",NULL," ","Dona","45-64","Barcelonès","Secundaris"
"2022000075","2022","2","Compres quotidianes","12","0","20","2","Barcelonès","Barcelonès","1","Caminant",NULL,NULL,"Peu >5 minuts"," "," ",NULL," ","Dona","45-64","Barcelonès","Secundaris"
"2022000076","2022","1","Anar a treballar","7","55","20","3","Barcelonès","Barcelonès","1","Metro",NULL,NULL,"Metro"," "," ",NULL," ","Dona","45-64","Barcelonès","Estudis superiors"
"2022000076","2022","2","Gestions de treball (fora del lloc/seu habitual on treballa)","10","30","15","2","Barcelonès","Barcelonès","1","Metro",NULL,NULL,"Metro"," "," ",NULL," ","Dona","45-64","Barcelonès","Estudis superiors"
"2022000076","2022","3","Gestions de treball (fora del lloc/seu habitual on treballa)","14","30","15","2","Barcelonès","Barcelonès","1","Autobús TMB",NULL,NULL,"Autobús TMB"," "," ",NULL," ","Dona","45-64","Barcelonès","Estudis superiors"
"2022000076","2022","4","Gestions de treball (fora del lloc/seu habitual on treballa)","17","30","15","3","Barcelonès","Barcelonès","1","Autobús TMB",NULL,NULL,"Autobús TMB"," "," ",NULL," ","Dona","45-64","Barcelonès","Estudis superiors"
"2022000076","2022","5","Domicili","20","0","30","3","Barcelonès","Barcelonès","1","Tramvia","Metro",NULL,"Tramvia"," "," ",NULL," ","Dona","45-64","Barcelonès","Estudis superiors"
"2022000077","2022","1","Compres quotidianes","12","30","20","1","Barcelonès","Barcelonès","1","Caminant",NULL,NULL,"Peu >5 minuts"," "," ",NULL," ","Dona","65 i més","Barcelonès","Primaris"
"2022000077","2022","2","Compres quotidianes","13","0","10","1","Barcelonès","Barcelonès","1","Caminant",NULL,NULL,"Peu >5 minuts"," "," ",NULL," ","Dona","65 i més","Barcelonès","Primaris"
"2022000077","2022","3","Compres quotidianes","13","10","5","1","Barcelonès","Barcelonès","1","Caminant",NULL,NULL,"Peu <= 5 minuts"," "," ",NULL," ","Dona","65 i més","Barcelonès","Primaris"
"2022000077","2022","4","Domicili","13","15","5","1","Barcelonès","Barcelonès","1","Caminant",NULL,NULL,"Peu <= 5 minuts"," "," ",NULL," ","Dona","65 i més","Barcelonès","Primaris"
"2022000078","2022","1","Compres quotidianes","10","0","5","1","Barcelonès","Barcelonès","1","Caminant",NULL,NULL,"Peu <= 5 minuts"," "," ",NULL," ","Dona","65 i més","Barcelonès","Primaris"
"2022000078","2022","2","Compres quotidianes","10","45","2","1","Barcelonès","Barcelonès","1","Caminant",NULL,NULL,"Peu <= 5 minuts"," "," ",NULL," ","Dona","65 i més","Barcelonès","Primaris"
"2022000078","2022","3","Compres quotidianes","10","50","1","1","Barcelonès","Barcelonès","1","Caminant",NULL,NULL,"Peu <= 5 minuts"," "," ",NULL," ","Dona","65 i més","Barcelonès","Primaris"
"2022000078","2022","4","Domicili","12","0","5","1","Barcelonès","Barcelonès","1","Caminant",NULL,NULL,"Peu <= 5 minuts"," "," ",NULL," ","Dona","65 i més","Barcelonès","Primaris"
"2022000079","2022","1","Acompanyar o recollir persones majors d'edat","10","0","45","3","Barcelonès","Barcelonès","1","Autobús TMB",NULL,NULL,"Autobús TMB"," "," ",NULL," ","Dona","65 i més","Barcelonès","Primaris"
"2022000079","2022","2","Acompanyar o recollir persones majors d'edat","11","0","20","2","Barcelonès","Barcelonès","1","Autobús TMB",NULL,NULL,"Autobús TMB"," "," ",NULL," ","Dona","65 i més","Barcelonès","Primaris"
"2022000079","2022","3","Acompanyar o recollir persones majors d'edat","12","0","20","2","Barcelonès","Barcelonès","1","Autobús TMB",NULL,NULL,"Autobús TMB"," "," ",NULL," ","Dona","65 i més","Barcelonès","Primaris"
"2022000079","2022","4","Domicili","19","0","35","3","Barcelonès","Barcelonès","1","Autobús TMB",NULL,NULL,"Autobús TMB"," "," ",NULL," ","Dona","65 i més","Barcelonès","Primaris"
"2022000080","2022","1","Acompanyar o recollir persones menors d'edat","9","30","10","1","Barcelonès","Barcelonès","1","Caminant",NULL,NULL,"Peu >5 minuts"," "," ",NULL," ","Dona","65 i més","Barcelonès","Secundaris"
"2022000080","2022","2","Compres quotidianes","10","0","20","2","Barcelonès","Barcelonès","1","Caminant",NULL,NULL,"Peu >5 minuts"," "," ",NULL," ","Dona","65 i més","Barcelonès","Secundaris"
"2022000080","2022","3","Domicili","12","0","30","2","Barcelonès","Barcelonès","1","Caminant",NULL,NULL,"Peu >5 minuts"," "," ",NULL," ","Dona","65 i més","Barcelonès","Secundaris"
"2022000080","2022","4","Sense destinació fixe, passejar, treure el gos","12","35","20","1","Barcelonès","Barcelonès","1","Caminant",NULL,NULL,"Peu >5 minuts"," "," ",NULL," ","Dona","65 i més","Barcelonès","Secundaris"
"2022000080","2022","5","Acompanyar o recollir persones menors d'edat","14","0","30","2","Barcelonès","Barcelonès","1","Caminant",NULL,NULL,"Peu >5 minuts"," "," ",NULL," ","Dona","65 i més","Barcelonès","Secundaris"
"2022000080","2022","6","Domicili","14","30","10","1","Barcelonès","Barcelonès","1","Caminant",NULL,NULL,"Peu >5 minuts"," "," ",NULL," ","Dona","65 i més","Barcelonès","Secundaris"
"2022000080","2022","7","Gestions personals","18","30","10","1","Barcelonès","Barcelonès","1","Caminant",NULL,NULL,"Peu >5 minuts"," "," ",NULL," ","Dona","65 i més","Barcelonès","Secundaris"
"2022000080","2022","8","Domicili","20","30","10","1","Barcelonès","Barcelonès","1","Caminant",NULL,NULL,"Peu >5 minuts"," "," ",NULL," ","Dona","65 i més","Barcelonès","Secundaris"
"2022000083","2022","1","Sense destinació fixe, passejar, treure el gos","19","0","50","1","Barcelonès","Barcelonès","1","Caminant",NULL,NULL,"Peu >5 minuts"," "," ",NULL," ","Dona","65 i més","Barcelonès","Primaris"
"2022000083","2022","2","Domicili","19","50","12","1","Barcelonès","Barcelonès","1","Caminant",NULL,NULL,"Peu >5 minuts"," "," ",NULL," ","Dona","65 i més","Barcelonès","Primaris"
"2022000084","2022","1","Compres quotidianes","11","0","5","1","Barcelonès","Barcelonès","1","Caminant",NULL,NULL,"Peu <= 5 minuts"," "," ",NULL," ","Dona","65 i més","Barcelonès","Sense estudis"
"2022000084","2022","2","Domicili","11","25","5","1","Barcelonès","Barcelonès","1","Caminant",NULL,NULL,"Peu <= 5 minuts"," "," ",NULL," ","Dona","65 i més","Barcelonès","Sense estudis"
"2022000086","2022","1","Compres quotidianes","11","0","2","1","Barcelonès","Barcelonès","1","Caminant",NULL,NULL,"Peu <= 5 minuts"," "," ",NULL," ","Home","16-29","Barcelonès","Estudis superiors"
"2022000086","2022","2","Domicili","11","10","2","1","Barcelonès","Barcelonès","1","Caminant",NULL,NULL,"Peu <= 5 minuts"," "," ",NULL," ","Home","16-29","Barcelonès","Estudis superiors"
"2022000086","2022","3","Oci, diversió, espectacles, cinemes, restaurants, esports","18","0","15","2","Barcelonès","Barcelonès","1","Patinet, segway o altres ginys",NULL,NULL,"Altres no motoritzats"," "," ",NULL," ","Home","16-29","Barcelonès","Estudis superiors"
"2022000086","2022","4","Domicili","22","0","15","2","Barcelonès","Barcelonès","1","Patinet, segway o altres ginys",NULL,NULL,"Altres no motoritzats"," "," ",NULL," ","Home","16-29","Barcelonès","Estudis superiors"
"2022000087","2022","1","Anar a treballar","12","30","10","2","Barcelonès","Barcelonès","1","Moto com a conductora",NULL,NULL,"Moto com a conductora","0"," ","Benzina/sense plom 95/sense plom 98","2","Home","16-29","Barcelonès","Estudis superiors"
"2022000087","2022","2","Domicili","17","0","15","2","Barcelonès","Barcelonès","1","Moto com a conductora",NULL,NULL,"Moto com a conductora","0"," ","Benzina/sense plom 95/sense plom 98","1","Home","16-29","Barcelonès","Estudis superiors"
"2022000087","2022","3","Anar a treballar","18","30","15","3","Barcelonès","Barcelonès","1","Moto com a conductora",NULL,NULL,"Moto com a conductora","0"," ","Benzina/sense plom 95/sense plom 98","1","Home","16-29","Barcelonès","Estudis superiors"
"2022000087","2022","4","Gestions personals","21","0","20","3","Barcelonès","Barcelonès","1","Moto com a conductora",NULL,NULL,"Moto com a conductora","0"," ","Benzina/sense plom 95/sense plom 98","1","Home","16-29","Barcelonès","Estudis superiors"
"2022000087","2022","5","Anar a treballar","21","25","20","3","Barcelonès","Barcelonès","1","Moto com a conductora",NULL,NULL,"Moto com a conductora","0"," ","Benzina/sense plom 95/sense plom 98","1","Home","16-29","Barcelonès","Estudis superiors"
"2022000087","2022","6","Domicili","24","5","15","3","Barcelonès","Barcelonès","1","Moto com a conductora",NULL,NULL,"Moto com a conductora","0"," ","Benzina/sense plom 95/sense plom 98","1","Home","16-29","Barcelonès","Estudis superiors"
"2022000088","2022","1","Sense destinació fixe, passejar, treure el gos","8","0","20","2","Barcelonès","Barcelonès","1","Caminant",NULL,NULL,"Peu >5 minuts"," "," ",NULL," ","Home","16-29","Barcelonès","Estudis superiors"
"2022000088","2022","2","Domicili","8","21","20","2","Barcelonès","Barcelonès","1","Caminant",NULL,NULL,"Peu >5 minuts"," "," ",NULL," ","Home","16-29","Barcelonès","Estudis superiors"
"2022000088","2022","3","Visitar amic o familiar (sense quedar-se a dormir)","17","0","5","2","Barcelonès","Barcelonès","1","Moto com a conductora",NULL,NULL,"Moto com a conductora","5"," ","Benzina/sense plom 95/sense plom 98","1","Home","16-29","Barcelonès","Estudis superiors"
"2022000088","2022","4","Oci, diversió, espectacles, cinemes, restaurants, esports","20","0","10","2","Barcelonès","Barcelonès","1","Moto com a conductora",NULL,NULL,"Moto com a conductora","5"," ","Benzina/sense plom 95/sense plom 98","1","Home","16-29","Barcelonès","Estudis superiors"
"2022000088","2022","5","Oci, diversió, espectacles, cinemes, restaurants, esports","22","0","15","2","Barcelonès","Barcelonès","1","Moto com a conductora",NULL,NULL,"Moto com a conductora","5"," ","Benzina/sense plom 95/sense plom 98","1","Home","16-29","Barcelonès","Estudis superiors"
"2022000088","2022","6","Domicili","26","0","5","2","Barcelonès","Barcelonès","1","Moto com a conductora",NULL,NULL,"Moto com a conductora","5"," ","Benzina/sense plom 95/sense plom 98","1","Home","16-29","Barcelonès","Estudis superiors"
"2022000089","2022","1","Estudis","9","15","40","4","Barcelonès","Barcelonès","1","Metro",NULL,NULL,"Metro"," "," ",NULL," ","Home","16-29","Barcelonès","Estudis superiors"
"2022000089","2022","2","Domicili","21","0","40","4","Barcelonès","Barcelonès","1","Metro",NULL,NULL,"Metro"," "," ",NULL," ","Home","16-29","Barcelonès","Estudis superiors"
"2022000091","2022","3","Domicili","22","0","15","2","Barcelonès","Barcelonès","1","Caminant",NULL,NULL,"Peu >5 minuts"," "," ",NULL," ","Home","16-29","Barcelonès","Primaris"
"2022000092","2022","1","Estudis","8","0","30","4","Barcelonès","Barcelonès","0","Metro",NULL,NULL,"Metro"," "," ",NULL," ","Home","16-29","Barcelonès","Secundaris"
"2022000092","2022","2","Anar a treballar","15","0","15","2","Barcelonès","Baix Llobregat","0","Tramvia",NULL,NULL,"Tramvia"," "," ",NULL," ","Home","16-29","Barcelonès","Secundaris"
"2022000092","2022","3","Domicili","18","0","30","4","Baix Llobregat","Barcelonès","0","Cotxe com a acompanyant",NULL,NULL,"Cotxe com a acompanyant"," "," ",NULL,"2","Home","16-29","Barcelonès","Secundaris"
"2022000093","2022","1","Estudis","7","0","40","5","Barcelonès","Maresme","0","Autobús TMB","Altres autobús (urbà no TMB i/o interurbà)",NULL,"Altres autobús"," "," ",NULL," ","Home","16-29","Barcelonès","Secundaris"
"2022000093","2022","2","Domicili","15","0","40","5","Maresme","Barcelonès","0","Altres autobús (urbà no TMB i/o interurbà)","Autobús TMB",NULL,"Altres autobús"," "," ",NULL," ","Home","16-29","Barcelonès","Secundaris"
"2022000093","2022","3","Oci, diversió, espectacles, cinemes, restaurants, esports","19","30","20","2","Barcelonès","Barcelonès","1","Caminant",NULL,NULL,"Peu >5 minuts"," "," ",NULL," ","Home","16-29","Barcelonès","Secundaris"
"2022000093","2022","4","Domicili","22","0","20","2","Barcelonès","Barcelonès","1","Caminant",NULL,NULL,"Peu >5 minuts"," "," ",NULL," ","Home","16-29","Barcelonès","Secundaris"
"2022000094","2022","1","Oci, diversió, espectacles, cinemes, restaurants, esports","20","30","30","2","Barcelonès","Barcelonès","1","Caminant",NULL,NULL,"Peu >5 minuts"," "," ",NULL," ","Home","16-29","Barcelonès","Secundaris"
"2022000094","2022","2","Domicili","23","0","30","2","Barcelonès","Barcelonès","1","Caminant",NULL,NULL,"Peu >5 minuts"," "," ",NULL," ","Home","16-29","Barcelonès","Secundaris"
"2022000095","2022","1","Estudis","8","0","20","3","Barcelonès","Barcelonès","1","Metro",NULL,NULL,"Metro"," "," ",NULL," ","Home","16-29","Barcelonès","Secundaris"
"2022000095","2022","2","Domicili","14","0","20","3","Barcelonès","Barcelonès","1","Metro",NULL,NULL,"Metro"," "," ",NULL," ","Home","16-29","Barcelonès","Secundaris"
"2022000095","2022","3","Gestions personals","15","0","30","2","Barcelonès","Barcelonès","1","Caminant",NULL,NULL,"Peu >5 minuts"," "," ",NULL," ","Home","16-29","Barcelonès","Secundaris"
"2022000095","2022","4","Domicili","16","15","30","2","Barcelonès","Barcelonès","1","Caminant",NULL,NULL,"Peu >5 minuts"," "," ",NULL," ","Home","16-29","Barcelonès","Secundaris"
"2022000096","2022","1","Anar a treballar","6","0","3","1","Barcelonès","Barcelonès","1","Caminant",NULL,NULL,"Peu <= 5 minuts"," "," ",NULL," ","Home","16-29","Barcelonès","Estudis superiors"
"2022000096","2022","2","Domicili","15","0","3","1","Barcelonès","Barcelonès","1","Caminant",NULL,NULL,"Peu <= 5 minuts"," "," ",NULL," ","Home","16-29","Barcelonès","Estudis superiors"
"2022000097","2022","1","Anar a treballar","11","0","40","3","Barcelonès","Barcelonès","1","Bicicleta",NULL,NULL,"Bicicleta"," "," ",NULL," ","Home","16-29","Barcelonès","Estudis superiors"
"2022000097","2022","2","Domicili","14","30","60","3","Barcelonès","Barcelonès","1","Bicicleta",NULL,NULL,"Bicicleta"," "," ",NULL," ","Home","16-29","Barcelonès","Estudis superiors"
"2022000097","2022","3","Sense destinació fixe, passejar, treure el gos","16","0","30","2","Barcelonès","Barcelonès","1","Bicicleta",NULL,NULL,"Bicicleta"," "," ",NULL," ","Home","16-29","Barcelonès","Estudis superiors"
"2022000097","2022","4","Domicili","16","30","30","2","Barcelonès","Barcelonès","1","Bicicleta",NULL,NULL,"Bicicleta"," "," ",NULL," ","Home","16-29","Barcelonès","Estudis superiors"
"2022000097","2022","5","Anar a treballar","18","30","20","2","Barcelonès","Barcelonès","1","Bicicleta",NULL,NULL,"Bicicleta"," "," ",NULL," ","Home","16-29","Barcelonès","Estudis superiors"
"2022000097","2022","6","Domicili","21","15","30","2","Barcelonès","Barcelonès","1","Bicicleta",NULL,NULL,"Bicicleta"," "," ",NULL," ","Home","16-29","Barcelonès","Estudis superiors"
"2022000098","2022","3","Estudis","12","5","8","2","Barcelonès","Barcelonès","1","Bicicleta",NULL,NULL,"Bicicleta"," "," ",NULL," ","Home","16-29","Barcelonès","Secundaris"
"2022000098","2022","4","Domicili","14","20","8","2","Barcelonès","Barcelonès","1","Bicicleta",NULL,NULL,"Bicicleta"," "," ",NULL," ","Home","16-29","Barcelonès","Secundaris"
"2022000099","2022","1","Estudis","7","15","30","3","Barcelonès","Barcelonès","1","Caminant","Autobús TMB",NULL,"Autobús TMB"," "," ",NULL," ","Home","16-29","Barcelonès","Primaris"
"2022000099","2022","2","Domicili","14","40","40","3","Barcelonès","Barcelonès","1","Autobús TMB","Caminant",NULL,"Autobús TMB"," "," ",NULL," ","Home","16-29","Barcelonès","Primaris"
"2022000099","2022","3","Oci, diversió, espectacles, cinemes, restaurants, esports","17","15","5","2","Barcelonès","Barcelonès","1","Metro",NULL,NULL,"Metro"," "," ",NULL," ","Home","16-29","Barcelonès","Primaris"
"2022000099","2022","4","Compres ocasionals o no quotidianes","17","30","30","3","Barcelonès","Barcelonès","1","Metro",NULL,NULL,"Metro"," "," ",NULL," ","Home","16-29","Barcelonès","Primaris"
"2022000099","2022","5","Sense destinació fixe, passejar, treure el gos","18","0","45","2","Barcelonès","Barcelonès","1","Caminant",NULL,NULL,"Peu >5 minuts"," "," ",NULL," ","Home","16-29","Barcelonès","Primaris"
"2022000099","2022","6","Visitar amic o familiar (sense quedar-se a dormir)","19","0","10","3","Barcelonès","Barcelonès","1","Metro",NULL,NULL,"Metro"," "," ",NULL," ","Home","16-29","Barcelonès","Primaris"
"2022000099","2022","7","Oci, diversió, espectacles, cinemes, restaurants, esports","19","25","5","1","Barcelonès","Barcelonès","1","Caminant",NULL,NULL,"Peu <= 5 minuts"," "," ",NULL," ","Home","16-29","Barcelonès","Primaris"
"2022000099","2022","9","Domicili","24","40","40","2","Barcelonès","Barcelonès","1","Caminant",NULL,NULL,"Peu >5 minuts"," "," ",NULL," ","Home","16-29","Barcelonès","Primaris"
"2022000100","2022","1","Anar a treballar","10","30","15","3","Barcelonès","Barcelonès","1","Ciclomotor com a conductora",NULL,NULL,"Ciclomotor com a conductora","99"," ","Elèctric","1","Home","16-29","Barcelonès","Secundaris"
"2022000100","2022","2","Domicili","16","0","15","3","Barcelonès","Barcelonès","1","Ciclomotor com a acompanyant",NULL,NULL,"Ciclomotor com a acompanyant"," "," ",NULL,"2","Home","16-29","Barcelonès","Secundaris"
"2022000100","2022","3","Anar a treballar","19","30","30","3","Barcelonès","Barcelonès","1","Metro",NULL,NULL,"Metro"," "," ",NULL," ","Home","16-29","Barcelonès","Secundaris"
"2022000100","2022","4","Domicili","26","30","15","3","Barcelonès","Barcelonès","1","Ciclomotor com a conductora",NULL,NULL,"Ciclomotor com a conductora","99"," ","Elèctric","1","Home","16-29","Barcelonès","Secundaris"
